Gender,att_high,av_high,ug_high,att_some,av_some,ug_some,att_none,av_none,ug_none
1,86,84,67,88,69,50,97,48,47
1,91,83,53,83,74,48,86,50,46
1,89,88,48,99,70,48,90,45,48
1,89,69,58,86,77,40,87,47,53
1,80,81,57,88,71,50,82,50,45
1,80,84,51,96,63,42,92,48,43
1,89,85,61,87,79,44,86,50,45
1,100,94,56,86,71,54,84,54,47
1,90,74,54,92,71,58,78,38,45
1,89,86,63,80,73,49,91,48,39
2,89,91,93,88,65,54,55,48,52
2,84,90,85,95,70,60,50,44,45
2,99,100,89,80,79,53,51,48,44
2,86,89,83,86,74,58,52,48,47
2,89,87,80,83,74,43,58,50,48
2,80,81,79,86,59,47,51,47,40
2,82,92,85,81,66,47,50,45,47
2,97,69,87,95,72,51,45,48,46
2,95,92,90,98,64,53,54,53,45
2,95,93,96,79,66,46,52,39,47